{
  "seeds": [
    3000,
    3001,
    3002,
    3003,
    3004,
    3005,
    3006,
    3007,
    3008,
    3009,
    3010,
    3011,
    3012,
    3013,
    3014,
    3015,
    3016,
    3017,
    3018,
    3019,
    3020,
    3021,
    3022,
    3023,
    3024,
    3025,
    3026,
    3027,
    3028,
    3029
  ],
  "n_seeds": 30,
  "metrics": {
    "random": {
      "laps": {
        "iqm": 0.0,
        "ci_lo": 0.0,
        "ci_hi": 0.0,
        "mean": 0.03333333333333333
      },
      "crashed": {
        "iqm": 1.0,
        "ci_lo": 1.0,
        "ci_hi": 1.0,
        "mean": 0.9666666666666667
      },
      "best_frac": {
        "iqm": 0.043657166666907665,
        "ci_lo": 0.03148881888457021,
        "ci_hi": 0.06075105809716476,
        "mean": 0.0524721009022423
      },
      "lap_steps": {
        "iqm": 800.0,
        "ci_lo": 800.0,
        "ci_hi": 800.0,
        "mean": 775.6666666666666
      }
    },
    "longest_ray": {
      "laps": {
        "iqm": 0.0,
        "ci_lo": 0.0,
        "ci_hi": 0.0,
        "mean": 0.0
      },
      "crashed": {
        "iqm": 1.0,
        "ci_lo": 1.0,
        "ci_hi": 1.0,
        "mean": 1.0
      },
      "best_frac": {
        "iqm": 0.05452902461169014,
        "ci_lo": 0.053043511852307795,
        "ci_hi": 0.056446976752504166,
        "mean": 0.05482350727254285
      },
      "lap_steps": {
        "iqm": 800.0,
        "ci_lo": 800.0,
        "ci_hi": 800.0,
        "mean": 800.0
      }
    },
    "raceline_ppo": {
      "laps": {
        "iqm": 1.0,
        "ci_lo": 1.0,
        "ci_hi": 1.0,
        "mean": 0.9666666666666667
      },
      "crashed": {
        "iqm": 0.0,
        "ci_lo": 0.0,
        "ci_hi": 0.0,
        "mean": 0.03333333333333333
      },
      "best_frac": {
        "iqm": 1.0033524263271134,
        "ci_lo": 1.0025751233333777,
        "ci_hi": 1.0040761035766248,
        "mean": 0.9823763372079275
      },
      "lap_steps": {
        "iqm": 117.0,
        "ci_lo": 116.6875,
        "ci_hi": 117.0,
        "mean": 139.53333333333333
      }
    }
  }
}